	GTG
0	WKAIRAEESQVH
1	VELIARIPSLRWTRSQREIAILIWPRILPILQAYDLRQSMQL
2	LISDGLERVVLHISNQLTGKPNLFTRSRTGQD
3	SGSVKTWLMIKYRMRQLITNQKTGELTDLVTIVDTRSTLCIITPELVALYSNEHKALTYLTFEMVLMVTDMLEGR
4	VSSLCTASHYLSPLKKRIEILLTLVDDLALLMGDKVYGIVSSLESFVYAQL
5	FYGFICNEILDLLTE
6	SMCAPKVLDFQTIMKTLAFFHAILINGYRRSHNGIW
7	LHGNAPKSL
8	MRHDNSELKYEYVLKNWKSISMLRIHKCFDASPDEDLSIFMKDKAISCPKQ
9	WMGVFRRSLI
10	YRD
11	IKATGRIFAKMTKRMR
12	VIAESLLANHAGKLMRENGVVLDQLKLTK
13	IGIISEHSRRST
14	EM
15	FEIAACFLTTDLTKYCLNWRYQVIIPFARTLNSMYGIPHLFEWIHLRLMRS
16	VGD
17	LDLDTALNDDIFIVSPRGGI
18	LWTMISISTIILSATEAN
19	MSMVQGDNQAIA
20	VVRSLSHSE
21	LFFERLRANNH
22	IGHHLKEQE
23	FIYSKRVFYKGRILTQALKNVS
24	ILGDCSQASC
25	NGVEKDLCYFLNAFMTIRQLCYDLVFPQTKSLSQDITNAY
26	LCLLPSQLG
27	FLSCSRLFNRNIGDPLVSAIADVKRLIKAGCLDIWVLYNILGRRPG
28	WS
29	YLLDREVVMPRVAHVILAQSS
30	IQGYLDSTRTII
31	YSLEVRPLSAKKL
32	LYLSYNLEIIEKPNIVQPFLNAINVDTCSIDISRSLRKLSWATLLNG
33	FTWFFLPKGIRLDNDPAS
34	ER
35	MAYIKGASVSLKSALRLAG
36	YIWAFG
37	LQSLTPLPTSANLVH
38	LKFTPASSYAFSSFVHISNDCQVLEIDDQVTDSNLIY
39	VMITGLALIETWNNPPI
40	YETTLHLHTGSSCCIRPVESCVVNPPLL
41	VPFINVPQMNKFVYDPEPLSLLE
42	IPLLEKIPLLAHLTAKQMVNSITGLDEATSIVNDAVVQA
43	YTSNWISEC
44	YTYIDSVFVYSGWALLLELSY
45	MYYLRIQGIQGILDYVYMTLRRIPGMAITGISSTISHPR
46	LRRCINLDVIAPINSPHI
47	KLSIDAVMWGTKQVLTNISQGIDYEIVVPSES
48	LTLSDRVLNLVARKLS
49	LAIIWANYNYPPKVKGMSPED
50	VEYVEHIQIEKTNIR
51	MIIEPKLTAYPSNLFYLSRKLLN
52	IASYYNSFGFLEPILMESKIFNLNSSESASL
53	FDFILNLELSEAS
54	MTAENMDNP
55	LHHVLRPLG
56	WYKTISVLNYISHMKISDGAHLYLAEGSGASM
57	IETFLPGETIWYNSLFNSGENPPQ
58	FAPLPTQFIESVPYRLIQAGIAAGSGVVQSFYPLWNGNS
59	YIIHKVGADTCALVHVD
60	VTVLKPGGLLILKASWEPFNRFSFLLT
61	LWQFFSTIRILRSSYSDPNNHEVYIIATLAVDPTTSSFTTALNRARTLNE
62	GFSLIPPELV
63	IIQDRIDKVISECVRDQYLTDNNIILQAG
64	WLDLPDYPSFNELQSEMARLITIHLKEVIEILKGQSSDH
65	TLLFTSYNVGPLGKINTILRLIV
66	LMYTVRNWCILPTQTRLTLRQSIELGEFRLRDVITPMEILKLSPNRKYLKSALNQSTFNHLMGETSDILL
67	YQKRIWKAIGCVIYCFGLLTPDVEDSERIDIDNDIPDYD
