	JL
0	SSVLKAFERFTIEQE
1	EGSIPPETLKSAVKVFVINTPNPTTRYQMLNFCLRIICS
2	ARASHRVGALITLFSLPSAGMQNHIRLADRSPEAQIE
3	GFEPGTYRLIPNARANLTANEIAAYALLADDLPPTINNGTPYVHADVEGQP
4	QFLDRCYSVLIQAWVMVCKCMTAYDQPAGSADRRFAKYQQQGRLEARYMLQPEAQRLIQTAIRKSLVVRQYLTFELQLARRQGLLSNRYYAMVGDIGKYIENSGLTAFFLTLKYALGTKWSPLSLAAFTGELTKLRSLMMLYRGLGEQARYLALLEAPQIMDFAPGGYPLIFSYAMGVGTVLDVQMRNYTYARPFLNGYYFQIGVETARRQQGTV
5	NRVADDLGLTPEQRTEVTQLVDRLARGRGAGIPGGPVNPFVPPVQQQQPAAVYEDIPA
6	AGFQNGVQLP
7	VRQGGQTDFRAQPLQDPIQAQLFMPLYPQVSNMPNNQNHQINRIGG
8	LRYNENGDSQQDARGEHVNT
